{
    "name": "5e-automated",
    "title": "5e Automated",
    "description": "Automating Spells with MIDI and DAE",
    "version": "1.0.2",
    "author": "Lore Leider",
    "url":"https://github.com/etoy22/5e-automated",
    "minimumCoreVersion": "0.8.6",
    "compatibleCoreVersion": "9",
    "packs": [
        {
            "name": "automated-creatures",
            "label": "Automated Creatures",
            "path": "./packs/automated-creatures.db",
            "entity": "Actor"
        },
		{
            "name": "automated-spells",
            "label": "Automated Spells",
            "path": "./packs/automated-spells.db",
            "entity": "Item"
        },
        {
            "name": "subclasses",
            "label": "Automated Subclasses",
            "path": "./packs/subclasses.db",
            "entity": "Item"
        },
        {
            "name": "subclass-features",
            "label": "Automated Subclass Features",
            "path": "./packs/subclass-features.db",
            "entity": "Item"
        }
    ],
    "manifest": "https://github.com/etoy22/5e-automated/releases/latest/download/module.json",
    "download": "https://github.com/etoy22/5e-automated/releases/latest/download/module.zip"
}
